﻿<?xml version="1.0" encoding="utf-8"?>
<abapGit version="v1.0.0" serializer="LCL_OBJECT_DTEL" serializer_version="v1.0.0">
 <asx:abap xmlns:asx="http://www.sap.com/abapxml" version="1.0">
  <asx:values>
   <DD04V>
    <ROLLNAME>ZDE_VDM_NUM</ROLLNAME>
    <DDLANGUAGE>E</DDLANGUAGE>
    <HEADLEN>40</HEADLEN>
    <SCRLEN1>10</SCRLEN1>
    <SCRLEN2>15</SCRLEN2>
    <SCRLEN3>40</SCRLEN3>
    <DDTEXT>Store value for inetger</DDTEXT>
    <REPTEXT>Customer Int</REPTEXT>
    <SCRTEXT_S>Customer I</SCRTEXT_S>
    <SCRTEXT_M>Customer Int</SCRTEXT_M>
    <SCRTEXT_L>Customer Int</SCRTEXT_L>
    <DTELMASTER>E</DTELMASTER>
    <DATATYPE>INT2</DATATYPE>
    <LENG>000005</LENG>
    <OUTPUTLEN>000006</OUTPUTLEN>
   </DD04V>
   <I18N_LANGS>
    <LANGU>P</LANGU>
   </I18N_LANGS>
   <DD04_TEXTS>
    <item>
     <DDLANGUAGE>P</DDLANGUAGE>
     <DDTEXT>Store value for inetger</DDTEXT>
     <REPTEXT>Customer Int</REPTEXT>
     <SCRTEXT_S>Customer I</SCRTEXT_S>
     <SCRTEXT_M>Customer Int</SCRTEXT_M>
     <SCRTEXT_L>Customer Int</SCRTEXT_L>
    </item>
   </DD04_TEXTS>
  </asx:values>
 </asx:abap>
</abapGit>
