﻿<?xml version="1.0" encoding="utf-8"?>
<abapGit version="v1.0.0" serializer="LCL_OBJECT_DTEL" serializer_version="v1.0.0">
 <asx:abap xmlns:asx="http://www.sap.com/abapxml" version="1.0">
  <asx:values>
   <DD04V>
    <ROLLNAME>ZDE_ATTACHMENT_DETAILS</ROLLNAME>
    <DDLANGUAGE>E</DDLANGUAGE>
    <HEADLEN>10</HEADLEN>
    <SCRLEN1>10</SCRLEN1>
    <SCRLEN2>10</SCRLEN2>
    <SCRLEN3>10</SCRLEN3>
    <DDTEXT>Attachments</DDTEXT>
    <REPTEXT>Attachment</REPTEXT>
    <SCRTEXT_S>Attachment</SCRTEXT_S>
    <SCRTEXT_M>Attachment</SCRTEXT_M>
    <SCRTEXT_L>Attachment</SCRTEXT_L>
    <DTELMASTER>E</DTELMASTER>
    <DATATYPE>CHAR</DATATYPE>
    <LENG>000002</LENG>
    <OUTPUTLEN>000002</OUTPUTLEN>
   </DD04V>
   <I18N_LANGS>
    <LANGU>P</LANGU>
   </I18N_LANGS>
   <DD04_TEXTS>
    <item>
     <DDLANGUAGE>P</DDLANGUAGE>
     <DDTEXT>Attachments</DDTEXT>
     <REPTEXT>Attachment</REPTEXT>
     <SCRTEXT_S>Attachment</SCRTEXT_S>
     <SCRTEXT_M>Attachment</SCRTEXT_M>
     <SCRTEXT_L>Attachment</SCRTEXT_L>
    </item>
   </DD04_TEXTS>
  </asx:values>
 </asx:abap>
</abapGit>
