﻿<?xml version="1.0" encoding="utf-8"?>
<abapGit version="v1.0.0" serializer="LCL_OBJECT_DTEL" serializer_version="v1.0.0">
 <asx:abap xmlns:asx="http://www.sap.com/abapxml" version="1.0">
  <asx:values>
   <DD04V>
    <ROLLNAME>ZDE_VDM_LAYOUT</ROLLNAME>
    <DDLANGUAGE>E</DDLANGUAGE>
    <HEADLEN>30</HEADLEN>
    <SCRLEN1>10</SCRLEN1>
    <SCRLEN2>20</SCRLEN2>
    <SCRLEN3>40</SCRLEN3>
    <DDTEXT>Layout</DDTEXT>
    <REPTEXT>Layout</REPTEXT>
    <SCRTEXT_S>Layout</SCRTEXT_S>
    <SCRTEXT_M>Layout</SCRTEXT_M>
    <SCRTEXT_L>Layout</SCRTEXT_L>
    <DTELMASTER>E</DTELMASTER>
    <DATATYPE>CHAR</DATATYPE>
    <LENG>000030</LENG>
    <OUTPUTLEN>000030</OUTPUTLEN>
   </DD04V>
   <I18N_LANGS>
    <LANGU>P</LANGU>
   </I18N_LANGS>
   <DD04_TEXTS>
    <item>
     <DDLANGUAGE>P</DDLANGUAGE>
     <DDTEXT>Layout</DDTEXT>
     <REPTEXT>Layout</REPTEXT>
     <SCRTEXT_S>Layout</SCRTEXT_S>
     <SCRTEXT_M>Layout</SCRTEXT_M>
     <SCRTEXT_L>Layout</SCRTEXT_L>
    </item>
   </DD04_TEXTS>
  </asx:values>
 </asx:abap>
</abapGit>
