﻿<?xml version="1.0" encoding="utf-8"?>
<abapGit version="v1.0.0" serializer="LCL_OBJECT_DTEL" serializer_version="v1.0.0">
 <asx:abap xmlns:asx="http://www.sap.com/abapxml" version="1.0">
  <asx:values>
   <DD04V>
    <ROLLNAME>ZDE_HR_APPR1</ROLLNAME>
    <DDLANGUAGE>E</DDLANGUAGE>
    <HEADLEN>13</HEADLEN>
    <SCRLEN1>10</SCRLEN1>
    <SCRLEN2>13</SCRLEN2>
    <SCRLEN3>13</SCRLEN3>
    <DDTEXT>HR Approver 1</DDTEXT>
    <REPTEXT>HR Approver 1</REPTEXT>
    <SCRTEXT_S>HR Approve</SCRTEXT_S>
    <SCRTEXT_M>HR Approver 1</SCRTEXT_M>
    <SCRTEXT_L>HR Approver 1</SCRTEXT_L>
    <DTELMASTER>E</DTELMASTER>
    <DATATYPE>CHAR</DATATYPE>
    <LENG>000012</LENG>
    <OUTPUTLEN>000012</OUTPUTLEN>
   </DD04V>
   <I18N_LANGS>
    <LANGU>P</LANGU>
   </I18N_LANGS>
   <DD04_TEXTS>
    <item>
     <DDLANGUAGE>P</DDLANGUAGE>
     <DDTEXT>HR Approver 1</DDTEXT>
     <REPTEXT>HR Approver 1</REPTEXT>
     <SCRTEXT_S>HR Approve</SCRTEXT_S>
     <SCRTEXT_M>HR Approver 1</SCRTEXT_M>
     <SCRTEXT_L>HR Approver 1</SCRTEXT_L>
    </item>
   </DD04_TEXTS>
  </asx:values>
 </asx:abap>
</abapGit>
