﻿<?xml version="1.0" encoding="utf-8"?>
<abapGit version="v1.0.0" serializer="LCL_OBJECT_NROB" serializer_version="v1.0.0">
 <asx:abap xmlns:asx="http://www.sap.com/abapxml" version="1.0">
  <asx:values>
   <ATTRIBUTES>
    <OBJECT>ZN_EXTVEND</OBJECT>
    <DOMLEN>NUM8</DOMLEN>
    <PERCENTAGE>10.8</PERCENTAGE>
   </ATTRIBUTES>
   <TEXT>
    <LANGU>E</LANGU>
    <OBJECT>ZN_EXTVEND</OBJECT>
    <TXT>Vendor ID</TXT>
    <TXTSHORT>VDM : Vendor ID</TXTSHORT>
   </TEXT>
  </asx:values>
 </asx:abap>
</abapGit>
