﻿<?xml version="1.0" encoding="utf-8"?>
<abapGit version="v1.0.0" serializer="LCL_OBJECT_NROB" serializer_version="v1.0.0">
 <asx:abap xmlns:asx="http://www.sap.com/abapxml" version="1.0">
  <asx:values>
   <ATTRIBUTES>
    <OBJECT>ZN_EXT_VEN</OBJECT>
    <DOMLEN>NUM8</DOMLEN>
    <PERCENTAGE>8.0</PERCENTAGE>
   </ATTRIBUTES>
   <TEXT>
    <LANGU>E</LANGU>
    <OBJECT>ZN_EXT_VEN</OBJECT>
    <TXT>VDM : Number Range for Extend vendor</TXT>
    <TXTSHORT>Extend Vendor</TXTSHORT>
   </TEXT>
  </asx:values>
 </asx:abap>
</abapGit>
