﻿<?xml version="1.0" encoding="utf-8"?>
<abapGit version="v1.0.0" serializer="LCL_OBJECT_DOMA" serializer_version="v1.0.0">
 <asx:abap xmlns:asx="http://www.sap.com/abapxml" version="1.0">
  <asx:values>
   <DD01V>
    <DOMNAME>ZPCHAR</DOMNAME>
    <DDLANGUAGE>E</DDLANGUAGE>
    <DATATYPE>STRG</DATATYPE>
    <LENG>000256</LENG>
    <DDTEXT>Reason For Introducing Vendor</DDTEXT>
   </DD01V>
   <I18N_LANGS>
    <LANGU>P</LANGU>
   </I18N_LANGS>
   <DD01_TEXTS>
    <item>
     <DDLANGUAGE>P</DDLANGUAGE>
     <DDTEXT>Reason For Introducing Vendor</DDTEXT>
    </item>
   </DD01_TEXTS>
  </asx:values>
 </asx:abap>
</abapGit>
