﻿<?xml version="1.0" encoding="utf-8"?>
<abapGit version="v1.0.0" serializer="LCL_OBJECT_DTEL" serializer_version="v1.0.0">
 <asx:abap xmlns:asx="http://www.sap.com/abapxml" version="1.0">
  <asx:values>
   <DD04V>
    <ROLLNAME>ZPCHAR</ROLLNAME>
    <DDLANGUAGE>E</DDLANGUAGE>
    <DOMNAME>ZCHAR</DOMNAME>
    <HEADLEN>20</HEADLEN>
    <SCRLEN1>10</SCRLEN1>
    <SCRLEN2>15</SCRLEN2>
    <SCRLEN3>20</SCRLEN3>
    <DDTEXT>vdm : character data element</DDTEXT>
    <REPTEXT>CHAR</REPTEXT>
    <SCRTEXT_S>CHAR</SCRTEXT_S>
    <SCRTEXT_M>CHAR</SCRTEXT_M>
    <SCRTEXT_L>CHAR</SCRTEXT_L>
    <DTELMASTER>E</DTELMASTER>
    <REFKIND>D</REFKIND>
   </DD04V>
   <I18N_LANGS>
    <LANGU>P</LANGU>
   </I18N_LANGS>
   <DD04_TEXTS>
    <item>
     <DDLANGUAGE>P</DDLANGUAGE>
     <DDTEXT>vdm : character data element</DDTEXT>
     <REPTEXT>CHAR</REPTEXT>
     <SCRTEXT_S>CHAR</SCRTEXT_S>
     <SCRTEXT_M>CHAR</SCRTEXT_M>
     <SCRTEXT_L>CHAR</SCRTEXT_L>
    </item>
   </DD04_TEXTS>
  </asx:values>
 </asx:abap>
</abapGit>
