﻿<?xml version="1.0" encoding="utf-8"?>
<abapGit version="v1.0.0" serializer="LCL_OBJECT_DTEL" serializer_version="v1.0.0">
 <asx:abap xmlns:asx="http://www.sap.com/abapxml" version="1.0">
  <asx:values>
   <DD04V>
    <ROLLNAME>ZTZONE</ROLLNAME>
    <DDLANGUAGE>E</DDLANGUAGE>
    <DOMNAME>ZTMEZONE</DOMNAME>
    <HEADLEN>30</HEADLEN>
    <SCRLEN1>10</SCRLEN1>
    <SCRLEN2>20</SCRLEN2>
    <SCRLEN3>25</SCRLEN3>
    <DDTEXT>data type for time zone</DDTEXT>
    <REPTEXT>Time zone</REPTEXT>
    <SCRTEXT_S>Time zone</SCRTEXT_S>
    <SCRTEXT_M>Time zone</SCRTEXT_M>
    <SCRTEXT_L>Time zone</SCRTEXT_L>
    <DTELMASTER>E</DTELMASTER>
    <REFKIND>D</REFKIND>
   </DD04V>
   <I18N_LANGS>
    <LANGU>P</LANGU>
   </I18N_LANGS>
   <DD04_TEXTS>
    <item>
     <DDLANGUAGE>P</DDLANGUAGE>
     <DDTEXT>data type for time zone</DDTEXT>
     <REPTEXT>Time zone</REPTEXT>
     <SCRTEXT_S>Time zone</SCRTEXT_S>
     <SCRTEXT_M>Time zone</SCRTEXT_M>
     <SCRTEXT_L>Time zone</SCRTEXT_L>
    </item>
   </DD04_TEXTS>
  </asx:values>
 </asx:abap>
</abapGit>
